id,name,kana,romaji,icon,url,workTags,gender,tags
1,赤鐘芙蓉,あかがね ふよう,Akagane Fuyo,image/赤鐘芙蓉.png,https://mitoristu.wixsite.com/kousaibako,#虹彩箱,,
2,東屋亭久一,あずまやてい きゅういち,Azumayatei Kyuichi,image/東屋亭久一.png,https://lit.link/sereinrain,#東屋でお茶でも,,
3,アセテート,あせてーと,Acetate,image/アセテート.png,https://cloudcatch1224.wixsite.com/godsfoot,#神様の足元,,
4,足立レイ,あだち れい,Adachi Rei,image/足立レイ.png,https://mechanicalgirl.jp,#足立レイ,,
5,花鶏音ひわ,あとりね ひわ,Atorine Hiwa,image/花鶏音ひわ.png,https://torinosu-hikikomori.jimdofree.com,#ひわわーアラート,,
6,Adol,あどる,Adol,image/Adol.png,https://kuroi9603.wixsite.com/delu-lab-south,#でるらぼ,,
7,アニマ・ライツハット,あにま らいつはっと,Anima Raituhatto,image/アニマ・ライツハット.png,https://seirentoybox.jimdofree.com,#セレソー作,,
8,天使ふあわ,あまつか ふあわ,Amatsuka Fuawa,image/天使ふあわ.png,https://utausuzuminnya.jimdofree.com,#ふあわあーと,,
9,雨音うさぎ,あまね うさぎ,Amane Usagi,image/雨音うさぎ.png,https://sabaneko.amebaownd.com,#雨音うさぎ,,
10,怪子奇,あやしき,Ayashiki,image/怪子奇.png,https://inudanuki.wixsite.com/gottaniomotyabako,#煮バコ,,
11,泡沫紬,うたかた つむぎ,Utakata Tsumugi,image/泡沫紬.png,https://tourist100f.wixsite.com/utakata-kosyo,#泡沫古書店,,
12,唄音ウタ(デフォ子),うたね うた(でふぉこ),Utane Uta(Defoko),image/唄音ウタ(デフォ子).png,-,#デフォ子,,
13,URUYA,うるや,Uruya,image/URUYA.png,https://sites.google.com/view/tokakobo,#透歌工房,,
14,オーロク&小六郎,おーろく & ころくろう,Oroku & korokuro,image/オーロク&小六郎.png,https://torinosu-hikikomori.jimdofree.com,#ひわわーアラート,,
15,お星,おほし,Ohoshi,image/お星.png,https://ichistart.wixsite.com/official/respiaker,#ichistar,,
16,鍵合アヤ,かぎあい あや,Kagiai Aya,image/鍵合アヤ.png,https://vividseekers.utau.sorairomarch.com,#そらいろマーチ,,
17,鍵合スズ,かぎあい すず,Kagiai Suzu,image/鍵合スズ.png,https://vividseekers.utau.sorairomarch.com,#そらいろマーチ,,
18,​拡音シャノン,かくね しゃのん,Kakune Shanonn,image/​拡音シャノン.png,https://ameutaulii.wixsite.com/telepathycapsule,#拡音シャノン,,
19,重音テッド,かさね てっど,Kasane Teddo,image/重音テッド.png,https://kasaneteto.jp,#重音テッド,,
20,重音テト,かさね てと,Kasane Teto,image/重音テト.png,https://kasaneteto.jp,#重音テト,,
21,化炭ウア,かすみ うあ,Kasumi Ua,image/化炭ウア.png,https://bowlroll.net/user/980255/files#target-tab,#歌う雨やどり,,
22,カゼヒキ,かぜひき,Kazehiki,image/カゼヒキ.png,https://kurukuru2suuzi.wixsite.com/kuzutokaze,#くずかぜ,,
23,カタバミ,かたばみ,Katabami,image/カタバミ.png,https://seirentoybox.jimdofree.com,#セレソー作,,
24,型番不明,かたばんふめい,Katabanhumei,image/型番不明.png,https://moqujc.wixsite.com/mqtop,#MQAW,,
25,花撫シア,かなで しあ,Kanade Shia,image/花撫シア.png,https://itsuriutau.wixsite.com/kanadeshia,#花撫シア,,
26,花撫シオン,かなで しおん,Kanade Shion,image/花撫シオン.png,https://itsuriutau.wixsite.com/kanadeshia,#花撫シオン,,
27,歌為にーと,かなり にーと,Kanari Niito,image/歌為にーと.png,https://bowlroll.net/user/852117/files,#きのみあーと,,
28,空音響歌,からね きょうか,Karane Kyoka,image/空音響歌.png,https://kaitoramma.chu.jp,#空音絵巻,,
29,空音ヒビキ,からね ひびき,Karane Hibiki,image/空音ヒビキ.png,https://kaitoramma.chu.jp,#空音絵巻,,
30,キエン,きえん,Kiyenn,image/キエン.png,https://utaunanaproplus.wixsite.com/of-web,#TNPGateway,,
31,喜檄わろた,きげき わろた,Kigeki Warota,image/喜檄わろた.png,https://seirentoybox.jimdofree.com,#セレソー作,,
32,創星宙,きずぼし そら,Kizuboshi Sora,image/創星宙.png,https://nyaruru.wixsite.com/s-p-w,#創星宙,,神|不死|宇宙
33,キ音キネ,きね きね,Kine kine,image/キ音キネ.png,https://bowlroll.net/user/852117/files,#きのみあーと,,
34,凶街モルテ,きょうまち もるて,Kyomachi Morte,image/凶街モルテ.png,https://utaunanaproplus.wixsite.com/of-web,#TNPGateway,,
35,輝星惑,きらぼし わく,Kiraboshi Waku,image/輝星惑.png,https://nyaruru.wixsite.com/s-p-w,#輝星惑,,警察官|宇宙
36,玖婥えれん,くじゃく えれん,Kuzyaku Eren,image/玖婥えれん.png,https://hznonoka.wixsite.com/utau,#あひのん #玖婥えれん,,
37,口無アヲ,くちなし あを,Kuchinashi Awo,image/口無アヲ.png,https://nichikuniku1129063.wixsite.com/website-3,#Pietà_,,
38,黒昴宿,くろぼうすく,Kurobousuku,image/黒昴宿.png,https://subarumusicstore.studio.site,#赤黒快日,,
39,蛍(ケイ),けい,Kei,image/蛍(ケイ).png,http://park2.wakwak.com/~mbox/vo/hk/hkfre.htm,#蛍_UTAU,,
40,京音ロン,けいね ろん,Keine Ron,image/京音ロン.png,https://keineron.wixsite.com/index,#京音ロン,,
41,ゲキヤク,げきやく,Gekiyaku,image/ゲキヤク.png,https://kurukuru2suuzi.wixsite.com/kuzutokaze,#くずかぜ,,
42,蹴堕流激,けだるげ,Kedaruge,image/蹴堕流激.png,https://kakokyu102krbs.wixsite.com/greenmilky,#グリーンミルキー,,
43,​狐隠黒途,こおん こくと,Kon Kokuto,image/​狐隠黒途.png,https://chunyinhui021.wixsite.com/mutyuusaisei,#無中彩声,,
44,​黒板係,こくばんがかり,kokubangakari,image/​黒板係.png,https://utauudon.wixsite.com/origamisyokudou,#折紙食堂,,
45,心音フタバ,こころね ふたば,Kokorone Futaba,image/心音フタバ.png,https://hinagitsune-utau.wixsite.com/utaukokorone,#ウタウココロネ,,
46,鼓童拍也,こどう はくや,Kodou Hakuya,image/鼓童拍也.png,https://nananasyrup.wixsite.com/13kka,#いちみっか,,
47,サイカ,さいか,Saika,image/サイカ.png,https://nichikuniku1129063.wixsite.com/website-3,#Pietà_,,
48,サヴル,さゔる,Savul,image/サヴル.png,https://ne510channel.wixsite.com/website,#はなときつねごと,,
49,さてね,さてね,Satene,image/さてね.png,https://lit.link/sereinrain,#さてね_UTAU,,
50,鯖音カン,さばね かん,Sabane Kan,image/鯖音カン.png,https://witchdoll.jimdofree.com,#きちゃーと,,
51,ジウラ・カザギリ,じうら かざぎり,Jiura Kazagiri,image/ジウラ・カザギリ.png,https://tsukimiya0728.wixsite.com/silverbullet,#ツキノファミリー,,
52,シオン,しおん,Shion,image/シオン.png,https://nichikuniku1129063.wixsite.com/website-3,#Pietà_,,
53,偲音ミヨ,しおん みよ,Shion Miyo,image/偲音ミヨ.png,https://cantare.chisttrea.com,#闇塚亭,,
54,屍泥飴,しでい,Shidei,image/屍泥飴.png,https://kakokyu102krbs.wixsite.com/greenmilky,#グリーンミルキー,,
55,心理,しんり,Shinri,image/心理.png,https://shinri517.wixsite.com/shinri0517,#心理相談ダイヤル,,
56,すい,すい,Sui,image/すい.png,https://minazukiringo.wixsite.com/amatsubu,#あまつぶと声,,
57,鈴音スズ,すずの すず,Suzuno Suzu,image/鈴音スズ.png,https://bellsworks.wixsite.com/bellsworks,#べるずわーくす,,
58,鈴音ミオン,すずの みおん,Suzuno Mion,image/鈴音ミオン.png,https://bellsworks.wixsite.com/bellsworks,#べるずわーくす,,
59,星雲アマト,せいうん あまと,Seiun Amato,image/星雲アマト.png,https://offlamingo21.wixsite.com/amato-seiun,#星雲アマト,,
60,仟乃宮紫狼,せんのみや しろう,Sennomiya Sirou,image/仟乃宮紫狼.png,http://park2.wakwak.com/~mbox/vo/hk/hkfre.htm,#仟乃宮紫狼,,
61,​星音ななし,そらね ななし,Sorane Nanashi,image/​星音ななし.png,https://rinnneuta.wixsite.com/my-site-2?s=09,#君の心音は星の音,,
62,​地守葉風,ちもり はかぜ,Chimori Hakaze,image/​地守葉風.png,https://lenskkpb.wixsite.com/len-sakaki-official,#地守葉風,,
63,茶歌成,ちゃか なり,Chaka Nari,image/茶歌成.png,https://chaka000.wixsite.com/chaka,#御茶と歌,,
64,ちゃんこ鍋,ちゃんこなべ,Chankonabe,image/ちゃんこ鍋.png,https://ichistart.wixsite.com/official/respiaker,#ichistar,,
65,椿音灰鬼,ちゅんね はいき,Chunne Haiki,image/椿音灰鬼.png,https://chunyinhui021.wixsite.com/mutyuusaisei,#無中彩声,,
66,九十九一音​,つくも いちおと,Tsukumo Ichioto,image/九十九一音​.png,https://yukiichik.wixsite.com/kokofool/utau,#KODOMEROIDO,,
67,創音みか,つくりね みか,Tsukurine Mika,image/創音みか.png,https://nananasyrup.wixsite.com/13kka,#いちみっか,,
68,​弦音ステラ,つるね すてら,Tsurune Sutera,image/​弦音ステラ.png,https://bellsworks.wixsite.com/bellsworks,#べるずわーくす,,
69,寺戸ラヴ,てらど らぶ,Terado Rabu,image/寺戸ラヴ.png,https://witchdoll.jimdofree.com,#きちゃーと,,
70,寺永十逸,てらなが とおいち,Teranaga Toichi,image/寺永十逸.png,https://yukiichik.wixsite.com/kokofool/utau,#KODOMEROIDO,,
71,透唄氷雨,とうた ひさめ,Tota Hisame,image/透唄氷雨.png,https://suihankinonaka.wixsite.com/my-site-1,#お米炊けたよ,,
72,轟まだら,とどろき まだら,Todoroki Madara,image/轟まだら.png,https://suihankinonaka.wixsite.com/my-site-1,#お米炊けたよ,,
73,駑馬十駕,どば じゅうが,Doba Juga,image/駑馬十駕.png,https://lit.link/nemukoneko,#十駕走行録,,
74,取音テア,とるね てあ,Torune Tea,image/取音テア.png,https://amiseniamnu.wixsite.com/amisenia,#取音テア,,
75,ドルン,どるん,Dolln,image/ドルン.png,https://seirentoybox.jimdofree.com,#セレソー作,,
76,ナースロボ_タイプT,なーすろぼ_たいぷてぃ,NurseRobot_TypeT,image/ナースロボ_タイプT.png,https://www.krnr.top,#ナースロボ_タイプＴ,,
77,詠冥ミジ,ながくら みじ,Nagakura Miji,image/詠冥ミジ.png,https://666not.wixsite.com/partition-voyage,#ミジのみち,,
78,流音ナナシ,ながれね ななし,Nagarene Nanashi,image/流音ナナシ.png,https://rinnneuta.wixsite.com/my-site-2?s=09,#君の心音は星の音,,
79,猫垣一姫,なこがき いつき,Nakogaki Itsuki,image/猫垣一姫.png,http://park2.wakwak.com/~mbox/vo/hk/hkfre.htm,#猫垣一姫,,
80,撫音小鞠,なでね こまり,Nadene Komari,image/撫音小鞠.png,https://lonelyapple011.wixsite.com/nadenade,#撫音小鞠,,
81,猫耳宇宙服,ねこみみうちゅうふく,Nekomimiuchufuku,image/猫耳宇宙服.png,https://nyaruru.wixsite.com/s-p-w,#mono_猫耳宇宙服,,猫|宇宙
82,眠井ヨウ,ねむい よう,Nemui You,image/眠井ヨウ.png,https://sysynmnm.wixsite.com/oyasumi-zzz,#ひつじの寝床,,
83,寝村ナイ,ねむら ない,Nemura Nai,image/寝村ナイ.png,https://sysynmnm.wixsite.com/oyasumi-zzz,#ひつじの寝床,,
84,ねんねこ,ねんねこ,Nenneko,image/ねんねこ.png,https://lit.link/nemukoneko,#ねんねこちゃんろぐ,,
85,覗キ視炉,のぞき みろ,Nozoki Miro,image/覗キ視炉.png,-,覗キ視炉(UTAU),,
86,悲檄むりぽ,ひげき むりぽ,Higeki Muripo,image/悲檄むりぽ.png,https://seirentoybox.jimdofree.com,#セレソー作,,
87,フィス,ふぃす,Fis,image/フィス.png,https://seirentoybox.jimdofree.com,#セレソー作,,
88,ふっきんちゃん,ふっきんちゃん,Abschan,image/ふっきんちゃん.png,https://abschandayo.wixsite.com/abschan,#ふきふき見せろ,,
89,芳歌ノト,ほうが のと,Hoga Not,image/芳歌ノト.png,https://uta-tsunagi.jimdofree.com,#歌継荘,,
90,星河ティア,ほしかわ てぃあ,Hoshikawa Tia,image/星河ティア.png,https://nyaruru.wixsite.com/s-p-w,#星河ティア,,人造人間|宇宙
91,星河フレア,ほしかわ ふれあ,Hoshikawa Furea,image/星河フレア.png,https://nyaruru.wixsite.com/s-p-w,#星河フレア,,人造人間|宇宙
92,星詠ゆめ,ほしよみ ゆめ,Hosiyomi Yume,image/星詠ゆめ.png,https://hosiyomi.jimdofree.com,#星詠ゆめ,,
93,蛍(ほたる),ほたる,Hotaru,image/蛍(ほたる).png,http://park2.wakwak.com/~mbox/vo/hk/hkfre.htm,#蛍_UTAU,,
94,松田っぽいね,まつだっぽいね,Matsudappoine,image/松田っぽいね.png,http://lllll17.web.fc2.com/index.html,#松田っぽいね,,
95,松田っぽいよ,まつだっぽいよ,Matsudappoiyo,image/松田っぽいよ.png,http://lllll17.web.fc2.com/index.html,#松田っぽいよ,,
96,​沫幸チトセ,まつゆき ちとせ,Matsuyuki Chitose,image/​沫幸チトセ.png,https://nichikuniku1129063.wixsite.com/website-3,#Pietà_,,
97,円音春二ノ前,まるね しゅんいち,Marune Shunichi,image/円音春二ノ前.png,https://www.postype.com/@utau-deepvocal-dalso,#円音春二ノ前,,
98,​みくじ,みくじ,mikuji,image/​みくじ.png,https://utauudon.wixsite.com/origamisyokudou,#折紙食堂,,
99,Mx.ドリーム,みくす どりーむ,Mx.Dream,image/Mx.ドリーム.png,https://utauudon.wixsite.com/origamisyokudou,#折紙食堂,,
100,苺愛みゅみゅ,めるあ みゅみゅ,Melua Miumiu,image/苺愛みゅみゅ.png,https://utausuzuminnya.jimdofree.com,#みゅみゅあーと,,
101,ykzroid-5000 HSC TG,やかずろいど,Yakazuroid,image/ykzroid-5000 HSC TG.png,https://moqujc.wixsite.com/mqtop,#MQAW,,
102,闇塚黒逸,やみつか くろいつ,Yamitsuka Kuroitsu,image/闇塚黒逸.png,https://cantare.chisttrea.com,#闇塚亭,,
103,夢路語,ゆめじ かたり,Yumeji Katari,image/夢路語.png,https://tourist100f.wixsite.com/utakata-kosyo,#泡沫古書店,,
104,揺音リオ,ゆらぎね りお,Yuragine Rio,image/揺音リオ.png,https://nanyuanxiaojieji.wixsite.com/yuragine-kannsokujo,#観測レポートを共有します,,
105,欲音ルコ,よくね るこ,Yokune Ruko,image/欲音ルコ.png,https://long-sleeper.net,#欲音ルコ,,
106,​四方通ニチ,よもつ にち,Yomotsu Nichi,image/​四方通ニチ.png,https://nichikuniku1129063.wixsite.com/website-3,#Pietà_,,
107,ラロ,らろ,Laro,image/ラロ.png,https://mareffys.wixsite.com/lalo,#どっかのラララボ,,
108,リヴィ・リヴァーチェ,りゔぃ りゔぁーちぇ,Rivi Revace,image/リヴィ・リヴァーチェ.png,https://seirentoybox.jimdofree.com,#セレソー作,,
109,緑恵,りえ,Rie,image/緑恵.png,https://kakokyu102krbs.wixsite.com/greenmilky,#グリーンミルキー,,
110,燐葉フォミ,りんよう ふぉみ,Rinyou Fuomi,image/燐葉フォミ.png,https://tsukimiya0728.wixsite.com/silverbullet,#ツキノファミリー,,
111,レインレコード,れいんれこーど,Reinrekodo,image/レインレコード.png,https://bowlroll.net/user/980255/files#target-tab,#歌う雨やどり,,
112,レーヨン,れーよん,Rayon,image/レーヨン.png,https://cloudcatch1224.wixsite.com/godsfoot,#神様の足元,,
113,琴音セツリ,ことね せつり,Kotone Setsuri,image/琴音セツリ.png,https://bellsworks.wixsite.com/bellsworks,#べるずわーくす,,
114,飯音モグ,いいね もぐ,Ine Mogu,image/飯音モグ.png,https://bowlroll.net/file/333777,飯音モグ(UTAU),,
115,寅ノ刻遭愛,とらのこく あめ,Toranokoku Ame,image/寅ノ刻遭愛.png,https://ne510channel.wixsite.com/website,#はなときつねごと #十二ノ刻,,
116,コタロー,こたろー,Cotaro,image/コタロー.png,https://cloudcatch1224.wixsite.com/godsfoot,#神様の足元,,
117,ルテニ,るてに,Ruteni,image/ルテニ.png,https://bellsworks.wixsite.com/bellsworks,#べるずわーくす,,
118,地獄谷透馬,じごくだに とうま,Jigokudani Thoma,image/地獄谷透馬.png,https://flowerrocklove.wixsite.com/twilight-crisis,#硫黄荘音源,,
119,笛音フエ,ふえね ふえ,Fuene Fue,image/笛音フエ.png,https://bellsworks.wixsite.com/bellsworks,#べるずわーくす,,
120,ペチカ,ぺちか,Pechka,image/ペチカ.png,https://mebisnori.wixsite.com/nori-mebis,#紫陽花ノ楽譜ト,,
121,狂威ノイズ,くるい のいず,Kurui Noise,image/狂威ノイズ.png,https://zakrotsukumo.wixsite.com/utau-zerozero,#狂威家,,
122,鼓音ツヅ,つづね つづ,Tsuzune Tsuzu,image/鼓音ツヅ.png,https://bellsworks.wixsite.com/bellsworks,#べるずわーくす,,
123,​成瀬ミオ,なるせ みお,Naruse Mio,image/​成瀬ミオ.png,https://nanyuanxiaojieji.wixsite.com/yuragine-kannsokujo,#観測レポートを共有します,,
124,レイイチロウ,れいいちろう,Reiichiro,image/レイイチロウ.png,https://mareffys.wixsite.com/lalo,#どっかのラララボ,,
125,​諤,がく,Gaku,image/​諤.png,https://shiromeneko162.wixsite.com/shiromean-official,#シロメ人類,,
126,ミカワヤ,みかわや,Mikawaya,image/ミカワヤ.png,https://mikawayanerutoko.jimdofree.com,#nerutoko,,
127,コハル,こはる,Koharu,image/コハル.png,https://bellsworks.wixsite.com/bellsworks,#べるずわーくす,,
128,黒羽みそら,くろはね みそら,Kurohane Misora,image/黒羽みそら.png,https://bellsworks.wixsite.com/bellsworks,#べるずわーくす,,
129,空音響,からね ひびく,Karane Hibiku,image/空音響.png,https://kaitoramma.chu.jp,#空音絵巻,,
130,Wilbur,うぃるばー,Wilbur,image/Wilbur.png,https://kuroi9603.wixsite.com/delu-lab-south,#でるらぼ,,
131,水沫烏有,みなあわ うゆう,Minaawa Uyu,image/水沫烏有.png,https://okome32500.wixsite.com/onekomochi,#水沫烏有,,
132,籠詞鮫,こもりじ きょう,Komoriji Kyo,image/籠詞鮫.png,https://suihankinonaka.wixsite.com/my-site-1,#お米炊けたよ,,
133,揺音ユイ,ゆらぎね ゆい,Yuragine Yui,image/揺音ユイ.png,https://nanyuanxiaojieji.wixsite.com/yuragine-kannsokujo,#観測レポートを共有します,,
134,狐鳴琴陽,こなり こはる,Konari Koharu,image/狐鳴琴陽.png,https://osomatsu-poid.wixsite.com/konari-san-chi,#狐鳴さんち,,
135,花束町めら,かづかまち めら,kazukamachi Mera,image/花束町めら.png,https://sites.google.com/view/fukuma-utau/top,#花束町めら,,
136,曖米めろり,あいまい めろり,Aimai Merori,image/曖米めろり.png,https://suihankinonaka.wixsite.com/my-site-1,#お米炊けたよ,,
137,形亡ズゥ,かたなし ずぅ,Katanashi zu,image/形亡ズゥ.png,https://inudanuki.wixsite.com/gottaniomotyabako,#煮バコ,,
138,飴唄ニム,あめうた にむ,Ameuta Nimu,image/飴唄ニム.png,https://ametro.jimdofree.com,#ぞんび線CB,,
139,鈴音シオン,すずの しおん,Suzuno Shion,image/鈴音シオン.png,https://bellsworks.wixsite.com/bellsworks,#べるずわーくす,,
140,学静ショウ,がくせい しょう,Gakusei Sho,image/学静ショウ.png,https://bowlroll.net/file/336695,#学静出席簿,,
141,六見：Ｑ,むつみ きゅう,Mutsumi Q,image/六見：Ｑ.png,https://sites.google.com/view/qsuke-garden/home,#六見Q,,
142,悪戯清子,いたずら せいこ,Itazura Seiko,image/悪戯清子.png,https://bowlroll.net/user/700434,悪戯清子(UTAU),,
143,ウフーロ・ジョホマウ・シフショ,うふーろ じょほまう しふしょ,Ufuro Johomau Shifusho,image/ウフーロ・ジョホマウ・シフショ.png,https://bowlroll.net/user/852117/files,#きのみあーと,,
144,鈴音ルオン,すずの るおん,Suzuno Ruon,image/鈴音ルオン.png,https://bellsworks.wixsite.com/bellsworks,#べるずわーくす,,
145,空深あくる,うつみ あくる,Utsumi Akuru,image/空深あくる.png,https://kairi0utau.wixsite.com/arugamamanouta,#あるがままのうた,,
146,飴唄ニト,あめうた にと,Ameuta Nito,image/飴唄ニト.png,https://ametro.jimdofree.com,#ぞんび線CB,,
147,飴彩ねるね,あめいろ ねるね,Ameiro Nerune,image/飴彩ねるね.png,https://inudanuki.wixsite.com/gottaniomotyabako,#煮バコ,,
148,クリノクロア,くりのくろあ,Clinochlore,image/クリノクロア.png,https://cmamizki.wixsite.com/edelstein,クリノクロア(UTAU),,
149,音々尾ミュー,ねねお みゅー,Neneo mu,image/音々尾ミュー.png,https://hinoyuzirenraku.wixsite.com/mu-neneo,音々尾ミュー(UTAU),,
150,狂威ネイロ,くるい ねいろ,Kurui Neiro,image/狂威ネイロ.png,https://zakrotsukumo.wixsite.com/utau-zerozero,#狂威家,,
151,弦音レーヤ,つるね れーや,Tsurune Reya,image/弦音レーヤ.png,https://bellsworks.wixsite.com/bellsworks,#べるずわーくす,,
152,Alma,あるま,Alma,image/Alma.png,https://kairi0utau.wixsite.com/arugamamanouta,#あるがままのうた,,
153,不知英,しらず はな,Shirazu Hana,image/不知英.png,https://makurakue.wixsite.com/kemononokemono,#けもののけもの,,
154,徒事解,あだごと かい,Adagoto Kai,image/徒事解.png,https://askdance.wixsite.com/monitor-room/monitor-room,#meta世界より,,
155,空音こだま,からね こだま,Karane Kodama,image/空音こだま.png,https://kaitoramma.chu.jp,#空音絵巻,,
156,芯零須キシル,しんれす きしる,Shinresu Kishiru,image/芯零須キシル.png,https://bowlroll.net/user/973681,#芯零須キシル,,
157,Key.Flow,きーふろー,Key.Flow,image/KeyFlow.png,https://nyaruru.wixsite.com/s-p-w,#UTA打KyeFlow,,機械
158,Silver Destrudo,しるばー ですとりゅーどー,Silver Destrudo,image/Silver Destrudo.png,https://flowerrocklove.wixsite.com/twilight-crisis,#硫黄荘音源,,
159,マック音サイ,まっくね さい,Mackne Sai,image/マック音サイ.png,https://www.mackhouse-soft.com,マック音サイ(UTAU),,
160,鈴音ユオン,すずの ゆおん,Suzuno Yuon,image/鈴音ユオン.png,https://bellsworks.wixsite.com/bellsworks,#べるずわーくす,,
161,澳音ぱす,おくと ぱす,Okuto Pasu,image/澳音ぱす.png,https://teapartyandmugshelf.wixsite.com/my-site-1,澳音ぱす(UTAU),,
162,ペルム,ぺるむ,Pelum,image/ペルム.png,https://ne510channel.wixsite.com/website,#はなときつねごと,,
163,​棺依ハク,かんい はく,Kani Haku,image/​棺依ハク.png,https://inumokoco.wixsite.com/sleep-church,#楽園の子守唄,,
164,律時シドク,りつどき しどく,"	​Ritsudoki Shidoku",image/律時シドク.png,https://zaregotohitori.wixsite.com/ritsudokishidoku,律時シドク(UTAU),,
165,吟児,ぎんじ,Ginji,image/吟児.png,https://yautau.wixsite.com/0909,吟児(UTAU),,
166,田村春,たむら しゅん,Tamura Shun,image/田村春.png,https://piku.page/@toitoitoi23,#めんのこ,,
167,八雲しお,やくも しお,Yakumo Shio,image/八雲しお.png,https://makurakue.wixsite.com/kemononokemono,#けもののけもの,,
168,626,むつろ,Mutsuro,image/626.png,https://nanarabo626.studio.site,#製造番号626,,
169,踊弦コレ,ようげん これ,Yogen Kore,image/踊弦コレ.png,https://kaedekatusaki.wixsite.com/yanagiroutyou,#柳楼町観測所,,
170,閉路,へいろ,Heiro,image/閉路.png,https://cloudcatch1224.wixsite.com/godsfoot,#神様の足元,,
171,九作：Ｑ,きゅうさく きゅう,Kyusaku Q,image/九作：Ｑ.png,https://sites.google.com/view/qsuke-garden/home,#九作Q,,
172,116,ひいろ,Hiiro,image/116.png,https://nanarabo626.studio.site,#ひーろーあーと,,
173,ジド,じど,Jido,image/ジド.png,https://makaron3264.wixsite.com/utauotoohana,#奈落の天蓋,,
174,守智歌ピノ,しゅちか ぴの,Shuchika Pino,image/守智歌ピノ.png,https://bowlroll.net/user/973681,#守智歌ピノ,,
175,轟雪マチ丸,ごうせつ まちまる,Gosetsu Machimaru,image/轟雪マチ丸.png,https://zsxcvhjnhh.wixsite.com/yukirakira,#轟雪マチ丸,,
176,桃沼,ももぬま,Momonuma,image/桃沼.png,https://tropicalsamejima.wixsite.com/oyutau,桃沼(UTAU),,
177,鼓音コハク,つづね こはく,Tsuzune Kohaku,image/鼓音コハク.png,https://bellsworks.wixsite.com/bellsworks,#べるずわーくす,,
178,マック音ヒトキ,まっくね ひとき,Mackne Hitoki,image/マック音ヒトキ.png,https://www.mackhouse-soft.com,マック音ヒトキ(UTAU),,
179,山名,やまな,Yamana,image/山名.png,https://lit.link/sereinrain,#6月の放課後_山名,,
180,刹葬セツリ,せっそう せつり,Sessou Setsuri,image/刹葬セツリ.png,https://ma2bana7.wixsite.com/sssr,#刹葬セツリ,,
181,波音リツ,なみね りつ,Namine Ritsu,image/波音リツ.png,https://www.canon-voice.com,#波音リツ,,
182,緑音翡翠,みどりね ひすい,Midorine Hisui,image/緑音翡翠.png,https://todosho1192.wixsite.com/my-site-3,#緑音翡翠,,
183,飴唄ニレチ,あめうた にれち,Ameuta Nirechi,image/飴唄ニレチ.png,https://ametro.jimdofree.com,#ぞんび線CB,,
184,ドット・ペル,どっと ぺる,Dot Pell,image/ドット・ペル.png,https://bowlroll.net/user/980255,#歌う雨やどり,,
185,鈴音レオン,すずの れおん,Suzuno Reon,image/鈴音レオン.png,https://bellsworks.wixsite.com/bellsworks,#べるずわーくす,,
186,シロツメ,しろつめ,Shirotsume,image/シロツメ.png,https://seirentoybox.jimdofree.com,#セレソー作,,
187,プシュケ＝サリー,ぷしゅけ=さりー,Psyche=Sally,image/プシュケ＝サリー.png,https://maybeanglo0mochi.wixsite.com/mochiyanosouko,#めいあんぐ,,
188,琴音レスト,ことね れすと,Kotone Resuto,image/琴音レスト.png,https://bellsworks.wixsite.com/bellsworks,#べるずわーくす,,
189,テトリー,てとりー,Tetly,image/テトリー.png,https://hakutoujelly.booth.pm/items/6496885,#保冷安室,,
190,騒呂助,さわぐ りょすけ,Sawagu Ryosuke,image/騒呂助.png,https://grskmot8.wixsite.com/kdarock,#喜怒哀ROCK,,
191,日出,ひので,Hinode,image/日出.png,https://lit.link/sereinrain,#6月の放課後_日出,,
192,Sn&Cl,すず & せる,Suzu & Cell,image/Sn&Cl.png,https://bellsworks.wixsite.com/bellsworks,#べるずわーくす,,
193,KuragE,くらげ,Kurage,image/KuragE.png,https://moqujc.wixsite.com/mqtop,#MQAW,,
194,鈴音ネオン,すずの ねおん,Suzuno Neon,image/鈴音ネオン.png,https://bellsworks.wixsite.com/bellsworks,#べるずわーくす,,
195,ソリシア,そりしあ,Solisia,image/ソリシア.png,https://mebisnori.wixsite.com/nori-mebis,#紫陽花ノ楽譜ト,,
196,泡歌マカナ,あわか まかな,Awaka Makana,image/泡歌マカナ.png,https://mashimo0330.wixsite.com/awaka-utau,#泡沫の青ヰハル,,
197,鈴音リオン,すずの りおん,Suzuno Rion,image/鈴音リオン.png,https://bellsworks.wixsite.com/bellsworks,#べるずわーくす,,
198,青葉アオ,あおば あお,Aoba Ao,image/青葉アオ.png,http://shadeofgreen.web.fc2.com,#玖夏参伏 ,,
199,霜咲れあに,そうさき れあに,Sousaki Reani,image/霜咲れあに.png,https://yukimiyashimusho.jimdofree.com,#行宮事務所,,
200,秋太,あきた,Akita,image/秋太.png,https://jiwajiwakirinn.wixsite.com/sakurada,#秋太を目撃しました,,
201,血音ヤン,ちぬ やん,Chine Yan,image/血音ヤン.png,https://m.blog.naver.com/string_legacy/224045016399,#血音ヤン,,
202,悩音Blue,なやね ぶるー,Nayane Blue,image/悩音Blue.png,https://abiencearray.carrd.co,#悩音Blue,,
203,グウ,ぐう,Gu,image/グウ.png,https://todosho1192.wixsite.com/my-site-3,#グウ (UTAU),,
204,申暋慧,しん みんへ,Shin Min Hye,image/申暋慧.png,https://twisibi.notion.site/1e947481a8ac80a59110fa6b43bf6319,#신민혜,,
205,轟音ロキ,ごうおん ろき,Gouon Roki,image/轟音ロキ.png,https://todosho1192.wixsite.com/my-site-3,#轟音ロキ,,
206,16号,じゅうろくごう,No.16,image/16号.png,https://sites.google.com/view/ronku99,16号(UTAU),,
207,シズルう,しずるう,Shizuruu,image/シズルう.png,https://utau.fandom.com/wiki/Shizuruu,シズルう(UTAU),,
208,琴音コト,ことね こと,Kotone Koto,image/琴音コト.png,https://bellsworks.wixsite.com/bellsworks,#べるずわーくす,,
209,ろんく1号,ろんく いちごう,Ronku No.1,image/ろんく1号.png,https://sites.google.com/view/ronku99,ろんく1号(UTAU),,
210,おろかめし,おろかめし,Orokameshi,image/おろかめし.png,https://cgamy40.wixsite.com/tsuraiuroyoi,#モノクロの火葬場,,
213,深海マリン,ふかみ まりん,Fukami Marine,image/深海マリン.png,https://komagatabone.fc2.page,#深海マリン,,
214,カラフル・シュガースプリンクル,からふる しゅがーすぷりんくる,Colorful Sugar Sprinkle,image/カラフル・シュガースプリンクル.png,https://bowlroll.net/user/946776,#カラフル・シュガースプリンクル,,
215,客寄せRiley,きゃくよせ らいりー,Kyakuyose Riley,image/客寄せRiley.png,https://bowlroll.net/user/980255,#歌う雨やどり,,
216,ネコナリ,ねこなり,Nekonari,image/ネコナリ.png,https://piku.page/@toitoitoi23,#ネコナリ,,
217,メガネコ・ミッケタ,めがねこ みっけた,Meganeko Mikketa,image/メガネコ・ミッケタ.png,https://seirentoybox.jimdofree.com,#セレソー作,,
218,アスター・フローレス,あすたー ふろーれす,Aster・Flores,image/アスター・フローレス.png,https://mitoristu.wixsite.com/kousaibako,#虹彩箱,,
219,宵月未雲,よいづき みくも,Yoizuki Mikumo,image/宵月未雲.png,https://vividseekers.utau.sorairomarch.com,#そらいろマーチ,,
220,姜運心,かん うんしむ,Kang Unshim,image/姜運心.png,https://magnawitch.wixsite.com/seong-ah,#Kang_UTAU,,
221,オプティマ-215,おぷてぃま-215,OPTIMA-215,image/オプティマ-215.png,https://magnawitch.wixsite.com/seong-ah,#OPTIMA_UTAU,,
222,カイル・タイラー,かいる たいらー,Kyle Tyler,image/カイル・タイラー.png,https://magnawitch.wixsite.com/seong-ah,カイル・タイラー(UTAU),,
223,通音トオ,とおね とお,Tone Too,image/通音トオ.png,https://toooru421.booth.pm/items/8151791,#通音トオ #utau_tonetoo,,
224,不破マリア,ふわ まりあ,Fuwa Maria,image/不破マリア.png,https://strife-horizon.weebly.com,#不破マリア,,
225,マルアリア,あるまりあ,Maruaria,image/マルアリア.png,https://bowlroll.net/user/946776,#マルアリア,,
226,サニティ・ドゥーユー,さにてぃ・どぅーゆー,Sanity Doyou,image/サニティ・ドゥーユー.png,https://bowlroll.net/user/946776,#サニティ・ドゥーユー,,
